INSERT INTO AUTHORS (AUTHOR_ID, LAST_NAME, FIRST_NAME, MIDDLE_NAME) VALUES (1, 'Гоголь', 'Николай', 'Васильевич');
INSERT INTO AUTHORS (AUTHOR_ID, LAST_NAME, FIRST_NAME, MIDDLE_NAME) VALUES (2, 'Толстой', 'Лев', 'Николаевич');
INSERT INTO AUTHORS (AUTHOR_ID, LAST_NAME, FIRST_NAME, MIDDLE_NAME) VALUES (3, 'Пушкин', 'Александр', 'Сергеевич');
INSERT INTO AUTHORS (AUTHOR_ID, LAST_NAME, FIRST_NAME, MIDDLE_NAME) VALUES (4, 'Барто', 'Агния', 'Львовна');

INSERT INTO GENRES (GENRE_ID, GENRE_NAME) VALUES (1, 'Фантастика');
INSERT INTO GENRES (GENRE_ID, GENRE_NAME) VALUES (2, 'Приключения');
INSERT INTO GENRES (GENRE_ID, GENRE_NAME) VALUES (3, 'Мистика');
INSERT INTO GENRES (GENRE_ID, GENRE_NAME) VALUES (4, 'Детективы');
INSERT INTO GENRES (GENRE_ID, GENRE_NAME) VALUES (5, 'Учебная литература');
INSERT INTO GENRES (GENRE_ID, GENRE_NAME) VALUES (6, 'Женские романы');
INSERT INTO GENRES (GENRE_ID, GENRE_NAME) VALUES (7, 'Научные книги');
INSERT INTO GENRES (GENRE_ID, GENRE_NAME) VALUES (8, 'Классика');
INSERT INTO GENRES (GENRE_ID, GENRE_NAME) VALUES (9, 'Научно-популярные');

INSERT INTO BOOKS (BOOK_ID, BOOK_NAME, AUTHOR_ID, GENRE_ID) VALUES (1, 'Война и мир', 2, 8);
INSERT INTO BOOKS (BOOK_ID, BOOK_NAME, AUTHOR_ID, GENRE_ID) VALUES (2, 'Мертвые души', 1, 8);
INSERT INTO BOOKS (BOOK_ID, BOOK_NAME, AUTHOR_ID, GENRE_ID) VALUES (3, 'Сборник стихов', 4, 5);

INSERT INTO COMMENTS (COMMENT_ID, USER_NAME, TEXT) VALUES (1, 'Иванов', 'Отличная книга');
INSERT INTO COMMENTS (COMMENT_ID, USER_NAME, TEXT) VALUES (2, 'Петров', 'Читать можно');
INSERT INTO COMMENTS (COMMENT_ID, USER_NAME, TEXT) VALUES (3, 'Сидоров', 'На раз');
INSERT INTO COMMENTS (COMMENT_ID, USER_NAME, TEXT) VALUES (4, 'Иванов', 'Перечитал третий раз');

INSERT INTO BOOK_COMMENTS (BOOK_ID, COMMENT_ID) VALUES (1, 1);
INSERT INTO BOOK_COMMENTS (BOOK_ID, COMMENT_ID) VALUES (1, 2);
INSERT INTO BOOK_COMMENTS (BOOK_ID, COMMENT_ID) VALUES (2, 3);
INSERT INTO BOOK_COMMENTS (BOOK_ID, COMMENT_ID) VALUES (3, 4);